{"cameraMode":{"drawMode":0,"name":"Shaded","section":"Shading Mode"},"sceneLighting":true,"audioPlay":false,"sceneViewState":{"m_AlwaysRefresh":false,"showFog":true,"showSkybox":true,"showFlares":true,"showImageEffects":true,"showParticleSystems":true,"showVisualEffectGraphs":true,"m_FxEnabled":true},"in2DMode":false,"pivot":{"x":-1.7385984659194947,"y":-0.32337573170661929,"z":-6.8021039962768559},"rotation":{"x":0.28708767890930178,"y":0.6074295043945313,"z":-0.2501188814640045,"w":0.6972026228904724},"size":3.0026729106903078,"orthographic":false}